{"cameraMode":{"drawMode":0,"name":"Shaded","section":"Shading Mode"},"sceneLighting":false,"audioPlay":false,"sceneViewState":{"m_AlwaysRefresh":false,"showFog":true,"showSkybox":false,"showFlares":true,"showImageEffects":true,"showParticleSystems":true,"showVisualEffectGraphs":true,"m_FxEnabled":true},"in2DMode":false,"pivot":{"x":-0.004442453384399414,"y":1.0349388122558594,"z":0.7234906554222107},"rotation":{"x":0.14381997287273408,"y":0.27545344829559328,"z":-0.04176145792007446,"w":0.9496889114379883},"size":2.649947166442871,"orthographic":false}