{"cameraMode":{"drawMode":0,"name":"Shaded","section":"Shading Mode"},"sceneLighting":true,"audioPlay":false,"sceneViewState":{"m_AlwaysRefresh":false,"showFog":true,"showSkybox":false,"showFlares":true,"showImageEffects":true,"showParticleSystems":true,"showVisualEffectGraphs":true,"m_FxEnabled":true},"in2DMode":false,"pivot":{"x":24.26555824279785,"y":1.5349388122558594,"z":48.73141098022461},"rotation":{"x":0.14514529705047608,"y":0.20211640000343324,"z":-0.030313000082969667,"w":0.9681792855262756},"size":30.450824737548829,"orthographic":false}