{"cameraMode":{"drawMode":0,"name":"Shaded","section":"Shading Mode"},"sceneLighting":true,"audioPlay":false,"sceneViewState":{"m_AlwaysRefresh":false,"showFog":true,"showSkybox":false,"showFlares":true,"showImageEffects":true,"showParticleSystems":true,"showVisualEffectGraphs":true,"m_FxEnabled":true},"in2DMode":false,"pivot":{"x":24.26555824279785,"y":1.5349388122558594,"z":48.73141098022461},"rotation":{"x":0.08866151422262192,"y":0.030183643102645875,"z":-0.002697245916351676,"w":0.995705246925354},"size":4.696227550506592,"orthographic":false}