{"cameraMode":{"drawMode":0,"name":"Shaded","section":"Shading Mode"},"sceneLighting":true,"audioPlay":false,"sceneViewState":{"m_AlwaysRefresh":false,"showFog":true,"showSkybox":false,"showFlares":true,"showImageEffects":true,"showParticleSystems":true,"showVisualEffectGraphs":true,"m_FxEnabled":true},"in2DMode":false,"pivot":{"x":1.4199999570846558,"y":0.5789999961853027,"z":11.460000038146973},"rotation":{"x":-0.23777741193771363,"y":0.6648834347724915,"z":-0.23692333698272706,"w":-0.6672831177711487},"size":6.488698482513428,"orthographic":false}